{"info":{"year":"2024","version":"3","description":"Exported from roboflow.com","contributor":"","url":"https://public.roboflow.com/object-detection/undefined","date_created":"2024-12-08T17:53:07+00:00"},"licenses":[{"id":1,"url":"https://creativecommons.org/licenses/by/4.0/","name":"CC BY 4.0"}],"categories":[{"id":0,"name":"Holes","supercategory":"none"},{"id":1,"name":"missing hole","supercategory":"Holes"}],"images":[{"id":0,"license":1,"file_name":"light_10_missing_hole_04_2_600_jpg.rf.196b7e59dc97e01a05504d67b616ddab.jpg","height":640,"width":640,"date_captured":"2024-12-08T17:53:07+00:00"},{"id":1,"license":1,"file_name":"light_10_missing_hole_04_2_600_jpg.rf.20f8b1b5befb924e30bb03d653bbce5b.jpg","height":640,"width":640,"date_captured":"2024-12-08T17:53:07+00:00"},{"id":2,"license":1,"file_name":"light_09_missing_hole_08_3_600_jpg.rf.118f9e58fb098872d7355e130c13def1.jpg","height":640,"width":640,"date_captured":"2024-12-08T17:53:07+00:00"},{"id":3,"license":1,"file_name":"light_11_missing_hole_02_5_600_jpg.rf.0f9a45e8fe91c6967f46733f590added.jpg","height":640,"width":640,"date_captured":"2024-12-08T17:53:07+00:00"},{"id":4,"license":1,"file_name":"light_10_missing_hole_04_1_600_jpg.rf.1550f2149f0fb2e996a7b3affbc2ccda.jpg","height":640,"width":640,"date_captured":"2024-12-08T17:53:07+00:00"},{"id":5,"license":1,"file_name":"light_08_missing_hole_02_2_600_jpg.rf.0f22c3ded4d34f34e89f0ce99697975a.jpg","height":640,"width":640,"date_captured":"2024-12-08T17:53:07+00:00"},{"id":6,"license":1,"file_name":"light_07_missing_hole_08_3_jpg.rf.1b07906261f1e4b9c811c0cbc9d5cdc2.jpg","height":640,"width":640,"date_captured":"2024-12-08T17:53:07+00:00"},{"id":7,"license":1,"file_name":"light_07_missing_hole_08_1_jpg.rf.0790f43469b9285f8bd499f94118c920.jpg","height":640,"width":640,"date_captured":"2024-12-08T17:53:07+00:00"},{"id":8,"license":1,"file_name":"light_11_missing_hole_04_1_600_jpg.rf.044118bebbfd0b27e63395ae3adcbc12.jpg","height":640,"width":640,"date_captured":"2024-12-08T17:53:07+00:00"},{"id":9,"license":1,"file_name":"light_08_missing_hole_04_3_600_jpg.rf.04e99ecf922621064e9ffa5d45d5b299.jpg","height":640,"width":640,"date_captured":"2024-12-08T17:53:07+00:00"},{"id":10,"license":1,"file_name":"light_09_missing_hole_10_4_600_jpg.rf.22cc1858751a00547e0aadd1177bc283.jpg","height":640,"width":640,"date_captured":"2024-12-08T17:53:07+00:00"},{"id":11,"license":1,"file_name":"light_10_missing_hole_03_4_600_jpg.rf.21a940a39e2a05ae3b6b2af64d1fb7bf.jpg","height":640,"width":640,"date_captured":"2024-12-08T17:53:07+00:00"},{"id":12,"license":1,"file_name":"light_09_missing_hole_07_4_600_jpg.rf.0f48663c690b0dc811ce30bcb0644787.jpg","height":640,"width":640,"date_captured":"2024-12-08T17:53:07+00:00"},{"id":13,"license":1,"file_name":"light_11_missing_hole_04_2_600_jpg.rf.17c24f0dde4507ff1a6b713aba8f5a6b.jpg","height":640,"width":640,"date_captured":"2024-12-08T17:53:07+00:00"},{"id":14,"license":1,"file_name":"light_08_missing_hole_05_2_600_jpg.rf.1cb5a65431dc030d6e36aa83076ff9d9.jpg","height":640,"width":640,"date_captured":"2024-12-08T17:53:07+00:00"},{"id":15,"license":1,"file_name":"light_10_missing_hole_04_5_600_jpg.rf.2116fc4d1cd33723be38bd6381bd3fe6.jpg","height":640,"width":640,"date_captured":"2024-12-08T17:53:07+00:00"},{"id":16,"license":1,"file_name":"light_08_missing_hole_02_4_600_jpg.rf.28085dbe5c3f87897bfa2540d8afeb05.jpg","height":640,"width":640,"date_captured":"2024-12-08T17:53:07+00:00"},{"id":17,"license":1,"file_name":"light_09_missing_hole_06_3_600_jpg.rf.23e8b874d69ca15cd2c9e87b388a736d.jpg","height":640,"width":640,"date_captured":"2024-12-08T17:53:07+00:00"},{"id":18,"license":1,"file_name":"light_09_missing_hole_10_2_600_jpg.rf.2699a304088f2e530bf8d34cefa86a96.jpg","height":640,"width":640,"date_captured":"2024-12-08T17:53:07+00:00"},{"id":19,"license":1,"file_name":"light_11_missing_hole_05_2_600_jpg.rf.26941bfa4f7e588a7b7b214beb5bd115.jpg","height":640,"width":640,"date_captured":"2024-12-08T17:53:07+00:00"},{"id":20,"license":1,"file_name":"light_08_missing_hole_02_4_600_jpg.rf.3695690b3c45394ac4ae20da31c4493c.jpg","height":640,"width":640,"date_captured":"2024-12-08T17:53:07+00:00"},{"id":21,"license":1,"file_name":"light_09_missing_hole_07_4_600_jpg.rf.295c870d6ebfb1c229857ccfc5067558.jpg","height":640,"width":640,"date_captured":"2024-12-08T17:53:07+00:00"},{"id":22,"license":1,"file_name":"light_09_missing_hole_09_2_600_jpg.rf.395a3d5d0325434932b68a580c0b8592.jpg","height":640,"width":640,"date_captured":"2024-12-08T17:53:07+00:00"},{"id":23,"license":1,"file_name":"light_10_missing_hole_03_3_600_jpg.rf.3809beb9ffc6ca130a859ed8782aaa17.jpg","height":640,"width":640,"date_captured":"2024-12-08T17:53:07+00:00"},{"id":24,"license":1,"file_name":"light_08_missing_hole_06_1_600_jpg.rf.3203aca581700f488fcfd4d9c2f57ec3.jpg","height":640,"width":640,"date_captured":"2024-12-08T17:53:07+00:00"},{"id":25,"license":1,"file_name":"light_11_missing_hole_03_1_600_jpg.rf.2a77fdc78b4e4e4a9e6ff040eee69d24.jpg","height":640,"width":640,"date_captured":"2024-12-08T17:53:07+00:00"},{"id":26,"license":1,"file_name":"light_11_missing_hole_01_5_600_jpg.rf.2d58e0a0bcb3a8097b8f903b7f44fe94.jpg","height":640,"width":640,"date_captured":"2024-12-08T17:53:07+00:00"},{"id":27,"license":1,"file_name":"light_09_missing_hole_09_5_600_jpg.rf.281c30df932be83c41f8b2fb0832e910.jpg","height":640,"width":640,"date_captured":"2024-12-08T17:53:07+00:00"},{"id":28,"license":1,"file_name":"light_09_missing_hole_10_2_600_jpg.rf.4660a9e45ad850ddabe5430710db5c48.jpg","height":640,"width":640,"date_captured":"2024-12-08T17:53:07+00:00"},{"id":29,"license":1,"file_name":"light_08_missing_hole_01_5_600_jpg.rf.36c849a7d2a7965c1a245ed4c9014176.jpg","height":640,"width":640,"date_captured":"2024-12-08T17:53:07+00:00"},{"id":30,"license":1,"file_name":"light_11_missing_hole_01_5_600_jpg.rf.2feb2aa11815f327951dbbcd795d6de9.jpg","height":640,"width":640,"date_captured":"2024-12-08T17:53:07+00:00"},{"id":31,"license":1,"file_name":"light_08_missing_hole_03_4_600_jpg.rf.29f305b9135abef874ed592ae71d6f01.jpg","height":640,"width":640,"date_captured":"2024-12-08T17:53:07+00:00"},{"id":32,"license":1,"file_name":"light_10_missing_hole_04_5_600_jpg.rf.4650b8c7ad45e73b719fbdc1574400e2.jpg","height":640,"width":640,"date_captured":"2024-12-08T17:53:07+00:00"},{"id":33,"license":1,"file_name":"light_08_missing_hole_05_1_600_jpg.rf.2d1c9f3cf30a45fba2ff74c53a040c34.jpg","height":640,"width":640,"date_captured":"2024-12-08T17:53:07+00:00"},{"id":34,"license":1,"file_name":"light_11_missing_hole_05_1_600_jpg.rf.4a3d85991ad311ef6913199fef978fe1.jpg","height":640,"width":640,"date_captured":"2024-12-08T17:53:07+00:00"},{"id":35,"license":1,"file_name":"light_11_missing_hole_02_4_600_jpg.rf.316af9b54f1764ef82fa6bd101e205dd.jpg","height":640,"width":640,"date_captured":"2024-12-08T17:53:07+00:00"},{"id":36,"license":1,"file_name":"light_09_missing_hole_07_1_600_jpg.rf.373321e649a97c830503252c18eaee28.jpg","height":640,"width":640,"date_captured":"2024-12-08T17:53:07+00:00"},{"id":37,"license":1,"file_name":"light_10_missing_hole_01_3_600_jpg.rf.4755d17ebcc7185d8070ff1339291744.jpg","height":640,"width":640,"date_captured":"2024-12-08T17:53:07+00:00"},{"id":38,"license":1,"file_name":"light_09_missing_hole_09_5_600_jpg.rf.4af7e7092c78a741d5299388044b05c0.jpg","height":640,"width":640,"date_captured":"2024-12-08T17:53:07+00:00"},{"id":39,"license":1,"file_name":"light_07_missing_hole_08_3_jpg.rf.409877331fcd59c690f8f21d447cbc1d.jpg","height":640,"width":640,"date_captured":"2024-12-08T17:53:07+00:00"},{"id":40,"license":1,"file_name":"light_10_missing_hole_03_4_600_jpg.rf.4c7254a3c58be10be5af58496a6461b2.jpg","height":640,"width":640,"date_captured":"2024-12-08T17:53:07+00:00"},{"id":41,"license":1,"file_name":"light_08_missing_hole_01_3_600_jpg.rf.32265342fd5cc03aa9c9688242eea36a.jpg","height":640,"width":640,"date_captured":"2024-12-08T17:53:07+00:00"},{"id":42,"license":1,"file_name":"light_09_missing_hole_10_1_600_jpg.rf.3cd272596e50a7aa799a0ed9802676d9.jpg","height":640,"width":640,"date_captured":"2024-12-08T17:53:07+00:00"},{"id":43,"license":1,"file_name":"light_10_missing_hole_05_1_600_jpg.rf.4e441f0439d95b27017d586cfc1d749b.jpg","height":640,"width":640,"date_captured":"2024-12-08T17:53:07+00:00"},{"id":44,"license":1,"file_name":"light_08_missing_hole_04_5_600_jpg.rf.4d72b08e51f0c6b80e91055728e1c8e8.jpg","height":640,"width":640,"date_captured":"2024-12-08T17:53:07+00:00"},{"id":45,"license":1,"file_name":"light_10_missing_hole_03_1_600_jpg.rf.5c2211b444cd973456a6a472e005903a.jpg","height":640,"width":640,"date_captured":"2024-12-08T17:53:07+00:00"},{"id":46,"license":1,"file_name":"light_09_missing_hole_10_4_600_jpg.rf.4d0eca9b7afa7b9f469cc091323ec966.jpg","height":640,"width":640,"date_captured":"2024-12-08T17:53:07+00:00"},{"id":47,"license":1,"file_name":"light_09_missing_hole_08_1_600_jpg.rf.583e41a81b7d5769244fb200741bcbc1.jpg","height":640,"width":640,"date_captured":"2024-12-08T17:53:07+00:00"},{"id":48,"license":1,"file_name":"light_10_missing_hole_05_2_600_jpg.rf.5081cc6cb435062e2d8ef642937f95f3.jpg","height":640,"width":640,"date_captured":"2024-12-08T17:53:07+00:00"},{"id":49,"license":1,"file_name":"light_10_missing_hole_05_3_600_jpg.rf.5ecd4003fab5b0c425e661ef150db3d4.jpg","height":640,"width":640,"date_captured":"2024-12-08T17:53:07+00:00"},{"id":50,"license":1,"file_name":"light_11_missing_hole_03_2_600_jpg.rf.5c08307277a1947ae037bc3dfa526215.jpg","height":640,"width":640,"date_captured":"2024-12-08T17:53:07+00:00"},{"id":51,"license":1,"file_name":"light_08_missing_hole_01_2_600_jpg.rf.3d5a6e96a9cdeb5bd967856e89b2ebc4.jpg","height":640,"width":640,"date_captured":"2024-12-08T17:53:07+00:00"},{"id":52,"license":1,"file_name":"light_11_missing_hole_04_2_600_jpg.rf.55c9e12b9680aa1d2e4cbc7e628f3afe.jpg","height":640,"width":640,"date_captured":"2024-12-08T17:53:07+00:00"},{"id":53,"license":1,"file_name":"light_11_missing_hole_02_2_600_jpg.rf.66c21362112e8927948566cc85b781b8.jpg","height":640,"width":640,"date_captured":"2024-12-08T17:53:07+00:00"},{"id":54,"license":1,"file_name":"light_08_missing_hole_02_3_600_jpg.rf.59df45c7523696781fca77657a2c0f60.jpg","height":640,"width":640,"date_captured":"2024-12-08T17:53:07+00:00"},{"id":55,"license":1,"file_name":"light_10_missing_hole_04_2_600_jpg.rf.64bc0fb7bbfd34b0d0363eb19b0f8f00.jpg","height":640,"width":640,"date_captured":"2024-12-08T17:53:07+00:00"},{"id":56,"license":1,"file_name":"light_09_missing_hole_10_3_600_jpg.rf.6644caa668a6c8876445ad5f2d28ca88.jpg","height":640,"width":640,"date_captured":"2024-12-08T17:53:07+00:00"},{"id":57,"license":1,"file_name":"light_07_missing_hole_09_5_jpg.rf.535d71c2df27c5e56b7ed00177a510a0.jpg","height":640,"width":640,"date_captured":"2024-12-08T17:53:07+00:00"},{"id":58,"license":1,"file_name":"light_08_missing_hole_05_2_600_jpg.rf.4b95faa103e33c8653a93473924c7c6c.jpg","height":640,"width":640,"date_captured":"2024-12-08T17:53:07+00:00"},{"id":59,"license":1,"file_name":"light_07_missing_hole_10_4_600_jpg.rf.6f54ecc8b590b26a73adbf15047167db.jpg","height":640,"width":640,"date_captured":"2024-12-08T17:53:07+00:00"},{"id":60,"license":1,"file_name":"light_11_missing_hole_04_4_600_jpg.rf.6d38c5f1b76e7936b33455eec96d71df.jpg","height":640,"width":640,"date_captured":"2024-12-08T17:53:07+00:00"},{"id":61,"license":1,"file_name":"light_11_missing_hole_04_1_600_jpg.rf.628ad5ec44b3b18f607e3cf3e810c8e5.jpg","height":640,"width":640,"date_captured":"2024-12-08T17:53:07+00:00"},{"id":62,"license":1,"file_name":"light_09_missing_hole_10_1_600_jpg.rf.676deba229bd217645f377efb8c061a5.jpg","height":640,"width":640,"date_captured":"2024-12-08T17:53:07+00:00"},{"id":63,"license":1,"file_name":"light_08_missing_hole_06_1_600_jpg.rf.702fd89bb53f6677d4c8c27e2eef1dbd.jpg","height":640,"width":640,"date_captured":"2024-12-08T17:53:07+00:00"},{"id":64,"license":1,"file_name":"light_11_missing_hole_04_4_600_jpg.rf.512181f8061e93e271d3e3fd3d78f5cc.jpg","height":640,"width":640,"date_captured":"2024-12-08T17:53:07+00:00"},{"id":65,"license":1,"file_name":"light_11_missing_hole_05_2_600_jpg.rf.6e70e09180178fd4ef5bae3c2d4c4b56.jpg","height":640,"width":640,"date_captured":"2024-12-08T17:53:07+00:00"},{"id":66,"license":1,"file_name":"light_11_missing_hole_03_2_600_jpg.rf.70824e63efa7faab418673d72aefcc43.jpg","height":640,"width":640,"date_captured":"2024-12-08T17:53:07+00:00"},{"id":67,"license":1,"file_name":"light_10_missing_hole_05_1_600_jpg.rf.85f5161920e8b3d21fc8d993b4bbfa4d.jpg","height":640,"width":640,"date_captured":"2024-12-08T17:53:07+00:00"},{"id":68,"license":1,"file_name":"light_10_missing_hole_01_1_600_jpg.rf.8541ad0422043a98911d306414bc14ee.jpg","height":640,"width":640,"date_captured":"2024-12-08T17:53:07+00:00"},{"id":69,"license":1,"file_name":"light_08_missing_hole_03_1_600_jpg.rf.6026cc50c0106a503f67342e94313d17.jpg","height":640,"width":640,"date_captured":"2024-12-08T17:53:07+00:00"},{"id":70,"license":1,"file_name":"light_10_missing_hole_01_4_600_jpg.rf.839f72ce20771b62dd4a16ccfc08d405.jpg","height":640,"width":640,"date_captured":"2024-12-08T17:53:07+00:00"},{"id":71,"license":1,"file_name":"light_10_missing_hole_03_1_600_jpg.rf.75dae3be755f413ddec1a578955bd3d0.jpg","height":640,"width":640,"date_captured":"2024-12-08T17:53:07+00:00"},{"id":72,"license":1,"file_name":"light_08_missing_hole_04_2_600_jpg.rf.86e1e0ce285702e035841ce736881685.jpg","height":640,"width":640,"date_captured":"2024-12-08T17:53:07+00:00"},{"id":73,"license":1,"file_name":"light_10_missing_hole_01_4_600_jpg.rf.849f334fb0255feb2bd5c2f26fa0a18c.jpg","height":640,"width":640,"date_captured":"2024-12-08T17:53:07+00:00"},{"id":74,"license":1,"file_name":"light_11_missing_hole_02_3_600_jpg.rf.777f4dc7b3e2abcea8cda6e0c0fcbcdc.jpg","height":640,"width":640,"date_captured":"2024-12-08T17:53:07+00:00"},{"id":75,"license":1,"file_name":"light_11_missing_hole_02_5_600_jpg.rf.81ef227670661fa7ed41fafd229ab85d.jpg","height":640,"width":640,"date_captured":"2024-12-08T17:53:07+00:00"},{"id":76,"license":1,"file_name":"light_10_missing_hole_01_1_600_jpg.rf.81c11475e3f35c0a3f5995293b2d0443.jpg","height":640,"width":640,"date_captured":"2024-12-08T17:53:07+00:00"},{"id":77,"license":1,"file_name":"light_08_missing_hole_04_5_600_jpg.rf.8ddbc32bb9c0a05e516a21be240570b0.jpg","height":640,"width":640,"date_captured":"2024-12-08T17:53:07+00:00"},{"id":78,"license":1,"file_name":"light_08_missing_hole_02_2_600_jpg.rf.74fd2d2af6c684366bd089b08cdb50f4.jpg","height":640,"width":640,"date_captured":"2024-12-08T17:53:07+00:00"},{"id":79,"license":1,"file_name":"light_07_missing_hole_10_1_600_jpg.rf.9100c8f0aa60273565b25594c00c300c.jpg","height":640,"width":640,"date_captured":"2024-12-08T17:53:07+00:00"},{"id":80,"license":1,"file_name":"light_08_missing_hole_05_4_600_jpg.rf.7d6e10e1fb70fdd2b654158496af8767.jpg","height":640,"width":640,"date_captured":"2024-12-08T17:53:07+00:00"},{"id":81,"license":1,"file_name":"light_09_missing_hole_09_4_600_jpg.rf.95ecc97e1c1896d3ca9d2895f4ed3205.jpg","height":640,"width":640,"date_captured":"2024-12-08T17:53:07+00:00"},{"id":82,"license":1,"file_name":"light_09_missing_hole_07_4_600_jpg.rf.7c7337eb6853a1175fe63517166560ec.jpg","height":640,"width":640,"date_captured":"2024-12-08T17:53:07+00:00"},{"id":83,"license":1,"file_name":"light_08_missing_hole_05_4_600_jpg.rf.976a7edde713d7704e9915b9d87c1ff8.jpg","height":640,"width":640,"date_captured":"2024-12-08T17:53:07+00:00"},{"id":84,"license":1,"file_name":"light_11_missing_hole_05_1_600_jpg.rf.7f07fa7a57df30e7ecf1ce344aa1b2d5.jpg","height":640,"width":640,"date_captured":"2024-12-08T17:53:07+00:00"},{"id":85,"license":1,"file_name":"light_11_missing_hole_03_4_600_jpg.rf.77f5c33b8d7f1f80ed2192cf56abbeb4.jpg","height":640,"width":640,"date_captured":"2024-12-08T17:53:07+00:00"},{"id":86,"license":1,"file_name":"light_07_missing_hole_08_1_jpg.rf.89c907c3375c8749049b95d2d4bef72c.jpg","height":640,"width":640,"date_captured":"2024-12-08T17:53:07+00:00"},{"id":87,"license":1,"file_name":"light_10_missing_hole_04_5_600_jpg.rf.94c5d3f5b290f1d15f404d14c037b720.jpg","height":640,"width":640,"date_captured":"2024-12-08T17:53:07+00:00"},{"id":88,"license":1,"file_name":"light_10_missing_hole_05_2_600_jpg.rf.8b90128ebe5de86927198f70478cd2e4.jpg","height":640,"width":640,"date_captured":"2024-12-08T17:53:07+00:00"},{"id":89,"license":1,"file_name":"light_08_missing_hole_04_3_600_jpg.rf.9a12308afb775aa1374aec3f17ad56f9.jpg","height":640,"width":640,"date_captured":"2024-12-08T17:53:07+00:00"},{"id":90,"license":1,"file_name":"light_10_missing_hole_05_3_600_jpg.rf.92bb3386e6b2065924143af17b721a8c.jpg","height":640,"width":640,"date_captured":"2024-12-08T17:53:07+00:00"},{"id":91,"license":1,"file_name":"light_11_missing_hole_02_2_600_jpg.rf.8d537cacbdb12f5ed6d187662a8f58f1.jpg","height":640,"width":640,"date_captured":"2024-12-08T17:53:07+00:00"},{"id":92,"license":1,"file_name":"light_10_missing_hole_05_5_600_jpg.rf.99fa47faee9209ac01b29d1bdd7c635e.jpg","height":640,"width":640,"date_captured":"2024-12-08T17:53:07+00:00"},{"id":93,"license":1,"file_name":"light_09_missing_hole_06_4_600_jpg.rf.9f5de0b44bc0f3d92abe505ee9862d15.jpg","height":640,"width":640,"date_captured":"2024-12-08T17:53:07+00:00"},{"id":94,"license":1,"file_name":"light_10_missing_hole_01_3_600_jpg.rf.9058173c8a27cc658d2c8f81573d66a6.jpg","height":640,"width":640,"date_captured":"2024-12-08T17:53:07+00:00"},{"id":95,"license":1,"file_name":"light_07_missing_hole_10_4_600_jpg.rf.a40952036380637d024de1b50b1ecbff.jpg","height":640,"width":640,"date_captured":"2024-12-08T17:53:07+00:00"},{"id":96,"license":1,"file_name":"light_11_missing_hole_02_4_600_jpg.rf.9db640427bbd66f3e777d62738b5fae2.jpg","height":640,"width":640,"date_captured":"2024-12-08T17:53:07+00:00"},{"id":97,"license":1,"file_name":"light_08_missing_hole_01_2_600_jpg.rf.b0c89909d026348ba0936eaf74ed66ca.jpg","height":640,"width":640,"date_captured":"2024-12-08T17:53:07+00:00"},{"id":98,"license":1,"file_name":"light_10_missing_hole_03_3_600_jpg.rf.a5c21830b914ce51f415011dd873de54.jpg","height":640,"width":640,"date_captured":"2024-12-08T17:53:07+00:00"},{"id":99,"license":1,"file_name":"light_08_missing_hole_02_4_600_jpg.rf.9d908ebf77f38cdc04010cc1e2910822.jpg","height":640,"width":640,"date_captured":"2024-12-08T17:53:07+00:00"},{"id":100,"license":1,"file_name":"light_09_missing_hole_06_2_600_jpg.rf.9f37dc8663a2209ea8f7af5855ffe000.jpg","height":640,"width":640,"date_captured":"2024-12-08T17:53:07+00:00"},{"id":101,"license":1,"file_name":"light_09_missing_hole_06_3_600_jpg.rf.b6ea3226f7ce5fc278c59275c1031ebd.jpg","height":640,"width":640,"date_captured":"2024-12-08T17:53:07+00:00"},{"id":102,"license":1,"file_name":"light_08_missing_hole_02_3_600_jpg.rf.b1c2de910596057cbb6ceb682d738133.jpg","height":640,"width":640,"date_captured":"2024-12-08T17:53:07+00:00"},{"id":103,"license":1,"file_name":"light_09_missing_hole_06_2_600_jpg.rf.b7aa5c414bf26f5cc0c25196bfb17542.jpg","height":640,"width":640,"date_captured":"2024-12-08T17:53:07+00:00"},{"id":104,"license":1,"file_name":"light_10_missing_hole_05_2_600_jpg.rf.b2ca11226f530d1c282738e3ff0eba10.jpg","height":640,"width":640,"date_captured":"2024-12-08T17:53:07+00:00"},{"id":105,"license":1,"file_name":"light_10_missing_hole_04_4_600_jpg.rf.a27134ec1a7317a50edf402e20da1e3c.jpg","height":640,"width":640,"date_captured":"2024-12-08T17:53:07+00:00"},{"id":106,"license":1,"file_name":"light_08_missing_hole_02_1_600_jpg.rf.b9d3e89a0a19e9e08f1efefd5ea6fc0e.jpg","height":640,"width":640,"date_captured":"2024-12-08T17:53:07+00:00"},{"id":107,"license":1,"file_name":"light_10_missing_hole_04_1_600_jpg.rf.b99a8557b44b29a33e9196ca2ad4207d.jpg","height":640,"width":640,"date_captured":"2024-12-08T17:53:07+00:00"},{"id":108,"license":1,"file_name":"light_10_missing_hole_04_1_600_jpg.rf.9e5dbae9d13627fa3a979dfc90f97700.jpg","height":640,"width":640,"date_captured":"2024-12-08T17:53:07+00:00"},{"id":109,"license":1,"file_name":"light_08_missing_hole_05_1_600_jpg.rf.9b11ac09aeedf2f042e7bc0c0ac3561b.jpg","height":640,"width":640,"date_captured":"2024-12-08T17:53:07+00:00"},{"id":110,"license":1,"file_name":"light_08_missing_hole_03_2_600_jpg.rf.ade00800ccafb5b85aea44997755448a.jpg","height":640,"width":640,"date_captured":"2024-12-08T17:53:07+00:00"},{"id":111,"license":1,"file_name":"light_08_missing_hole_01_4_600_jpg.rf.b2d790667d274c04466b79b5c3c147e2.jpg","height":640,"width":640,"date_captured":"2024-12-08T17:53:07+00:00"},{"id":112,"license":1,"file_name":"light_11_missing_hole_03_4_600_jpg.rf.b11bbb570f8c6f11c3b978421036943f.jpg","height":640,"width":640,"date_captured":"2024-12-08T17:53:07+00:00"},{"id":113,"license":1,"file_name":"light_09_missing_hole_08_2_600_jpg.rf.c128e606d867403828a2cd692a2d393f.jpg","height":640,"width":640,"date_captured":"2024-12-08T17:53:07+00:00"},{"id":114,"license":1,"file_name":"light_09_missing_hole_07_1_600_jpg.rf.aaffc243b78be5def866344b8f506c29.jpg","height":640,"width":640,"date_captured":"2024-12-08T17:53:07+00:00"},{"id":115,"license":1,"file_name":"light_10_missing_hole_05_5_600_jpg.rf.c28c225139398832088f4b9860793ffe.jpg","height":640,"width":640,"date_captured":"2024-12-08T17:53:07+00:00"},{"id":116,"license":1,"file_name":"light_07_missing_hole_10_1_600_jpg.rf.cf19afb3ddb4036e2a40d59f29240c50.jpg","height":640,"width":640,"date_captured":"2024-12-08T17:53:07+00:00"},{"id":117,"license":1,"file_name":"light_08_missing_hole_04_2_600_jpg.rf.b94c9b90c15bf3a412e05cb7a2f59736.jpg","height":640,"width":640,"date_captured":"2024-12-08T17:53:07+00:00"},{"id":118,"license":1,"file_name":"light_10_missing_hole_02_3_600_jpg.rf.d07231c009fbc6723852ff528fc460fe.jpg","height":640,"width":640,"date_captured":"2024-12-08T17:53:07+00:00"},{"id":119,"license":1,"file_name":"light_11_missing_hole_03_1_600_jpg.rf.bf1e562d47f9875c959a57435c4e4f76.jpg","height":640,"width":640,"date_captured":"2024-12-08T17:53:07+00:00"},{"id":120,"license":1,"file_name":"light_08_missing_hole_01_3_600_jpg.rf.c763b8417619d07b6a9bdeaf4b59e037.jpg","height":640,"width":640,"date_captured":"2024-12-08T17:53:07+00:00"},{"id":121,"license":1,"file_name":"light_08_missing_hole_03_4_600_jpg.rf.cf253e39debace5ac9f24e84f129a09f.jpg","height":640,"width":640,"date_captured":"2024-12-08T17:53:07+00:00"},{"id":122,"license":1,"file_name":"light_09_missing_hole_06_4_600_jpg.rf.dc928c8af89cd08cc190925dd5ace305.jpg","height":640,"width":640,"date_captured":"2024-12-08T17:53:07+00:00"},{"id":123,"license":1,"file_name":"light_10_missing_hole_04_3_600_jpg.rf.cda47f2bf1e9a441b76d8238ac0d0d8b.jpg","height":640,"width":640,"date_captured":"2024-12-08T17:53:07+00:00"},{"id":124,"license":1,"file_name":"light_07_missing_hole_09_5_jpg.rf.d828eb508c5da2724a72b58a7de51c3b.jpg","height":640,"width":640,"date_captured":"2024-12-08T17:53:07+00:00"},{"id":125,"license":1,"file_name":"light_11_missing_hole_02_3_600_jpg.rf.bb8d36ebbe053436685a1478115cda70.jpg","height":640,"width":640,"date_captured":"2024-12-08T17:53:07+00:00"},{"id":126,"license":1,"file_name":"light_09_missing_hole_08_1_600_jpg.rf.ce77d850a1db1da48625365cbd503781.jpg","height":640,"width":640,"date_captured":"2024-12-08T17:53:07+00:00"},{"id":127,"license":1,"file_name":"light_09_missing_hole_06_4_600_jpg.rf.bc9883a1ffa153c763d92bad64b9893d.jpg","height":640,"width":640,"date_captured":"2024-12-08T17:53:07+00:00"},{"id":128,"license":1,"file_name":"light_11_missing_hole_03_1_600_jpg.rf.bdaf4e6daf9ee10ed095514202f29dc2.jpg","height":640,"width":640,"date_captured":"2024-12-08T17:53:07+00:00"},{"id":129,"license":1,"file_name":"light_08_missing_hole_01_4_600_jpg.rf.d88904e321545b88709b197b4418667d.jpg","height":640,"width":640,"date_captured":"2024-12-08T17:53:07+00:00"},{"id":130,"license":1,"file_name":"light_10_missing_hole_05_3_600_jpg.rf.d55068a8d5a7893ae8ca57e49269ca4f.jpg","height":640,"width":640,"date_captured":"2024-12-08T17:53:07+00:00"},{"id":131,"license":1,"file_name":"light_09_missing_hole_08_3_600_jpg.rf.dfbd9ef297a9508a34bac870e7d4404e.jpg","height":640,"width":640,"date_captured":"2024-12-08T17:53:07+00:00"},{"id":132,"license":1,"file_name":"light_08_missing_hole_01_4_600_jpg.rf.cb0b2ccc56668c528f16aa21b3638df2.jpg","height":640,"width":640,"date_captured":"2024-12-08T17:53:07+00:00"},{"id":133,"license":1,"file_name":"light_10_missing_hole_04_4_600_jpg.rf.e7e6a071101e4e35c14a27ed40932ff4.jpg","height":640,"width":640,"date_captured":"2024-12-08T17:53:07+00:00"},{"id":134,"license":1,"file_name":"light_11_missing_hole_01_5_600_jpg.rf.e9f9d9e2cb80773c19da524f81774539.jpg","height":640,"width":640,"date_captured":"2024-12-08T17:53:07+00:00"},{"id":135,"license":1,"file_name":"light_11_missing_hole_05_2_600_jpg.rf.d8bcdf73d60c6ae92ab4004704b799f5.jpg","height":640,"width":640,"date_captured":"2024-12-08T17:53:07+00:00"},{"id":136,"license":1,"file_name":"light_10_missing_hole_02_3_600_jpg.rf.e7ffb36a464277b926c7a41279ddd5b0.jpg","height":640,"width":640,"date_captured":"2024-12-08T17:53:07+00:00"},{"id":137,"license":1,"file_name":"light_10_missing_hole_03_1_600_jpg.rf.c0476d35faad93232e8b10cf04eb50ec.jpg","height":640,"width":640,"date_captured":"2024-12-08T17:53:07+00:00"},{"id":138,"license":1,"file_name":"light_07_missing_hole_08_3_jpg.rf.d519a6389fb7fa562f8f34d342b37776.jpg","height":640,"width":640,"date_captured":"2024-12-08T17:53:07+00:00"},{"id":139,"license":1,"file_name":"light_09_missing_hole_09_2_600_jpg.rf.eda01536de76c6ef5b1bc6f4774c4be3.jpg","height":640,"width":640,"date_captured":"2024-12-08T17:53:07+00:00"},{"id":140,"license":1,"file_name":"light_08_missing_hole_01_5_600_jpg.rf.ec7bfbfede72d62f98c04646b1b6a43e.jpg","height":640,"width":640,"date_captured":"2024-12-08T17:53:07+00:00"},{"id":141,"license":1,"file_name":"light_07_missing_hole_10_1_600_jpg.rf.f9b5347851111d30a1c6ca6be3510c37.jpg","height":640,"width":640,"date_captured":"2024-12-08T17:53:07+00:00"},{"id":142,"license":1,"file_name":"light_08_missing_hole_03_2_600_jpg.rf.f97f93f9e6621f3567a990b40657ae35.jpg","height":640,"width":640,"date_captured":"2024-12-08T17:53:07+00:00"},{"id":143,"license":1,"file_name":"light_11_missing_hole_03_2_600_jpg.rf.f61257f7de3399bedd99b75a24801735.jpg","height":640,"width":640,"date_captured":"2024-12-08T17:53:07+00:00"},{"id":144,"license":1,"file_name":"light_09_missing_hole_10_3_600_jpg.rf.fb8fe42f517617824b8cce5e374b5fb3.jpg","height":640,"width":640,"date_captured":"2024-12-08T17:53:07+00:00"},{"id":145,"license":1,"file_name":"light_09_missing_hole_07_3_600_jpg.rf.f03ca6b6951ae43d5bfbdd194bc99669.jpg","height":640,"width":640,"date_captured":"2024-12-08T17:53:07+00:00"},{"id":146,"license":1,"file_name":"light_10_missing_hole_02_3_600_jpg.rf.f8e308b2d03ea7996d92a96bb5ae1b39.jpg","height":640,"width":640,"date_captured":"2024-12-08T17:53:07+00:00"},{"id":147,"license":1,"file_name":"light_09_missing_hole_08_2_600_jpg.rf.f33606a037c224995af68d377db2aa20.jpg","height":640,"width":640,"date_captured":"2024-12-08T17:53:07+00:00"},{"id":148,"license":1,"file_name":"light_09_missing_hole_09_4_600_jpg.rf.fc77f5f4f4ca7c945b7182754afe2d5a.jpg","height":640,"width":640,"date_captured":"2024-12-08T17:53:07+00:00"},{"id":149,"license":1,"file_name":"light_11_missing_hole_02_2_600_jpg.rf.c894d8c11ffaade2fdab625825d12032.jpg","height":640,"width":640,"date_captured":"2024-12-08T17:53:07+00:00"},{"id":150,"license":1,"file_name":"light_11_missing_hole_01_1_600_jpg.rf.eb6db9337b3d4037aae9a07847ff2636.jpg","height":640,"width":640,"date_captured":"2024-12-08T17:53:07+00:00"},{"id":151,"license":1,"file_name":"light_11_missing_hole_01_4_600_jpg.rf.f0812b0e20515e26d6857ea9d7236d4a.jpg","height":640,"width":640,"date_captured":"2024-12-08T17:53:07+00:00"},{"id":152,"license":1,"file_name":"light_09_missing_hole_10_1_600_jpg.rf.e3331500d558425882a551cc5073612e.jpg","height":640,"width":640,"date_captured":"2024-12-08T17:53:07+00:00"},{"id":153,"license":1,"file_name":"light_11_missing_hole_02_3_600_jpg.rf.de1268a7cacb047ffdee26f244b267e3.jpg","height":640,"width":640,"date_captured":"2024-12-08T17:53:07+00:00"},{"id":154,"license":1,"file_name":"light_08_missing_hole_03_1_600_jpg.rf.ff531df411d6f206049f65840a5a050a.jpg","height":640,"width":640,"date_captured":"2024-12-08T17:53:07+00:00"},{"id":155,"license":1,"file_name":"light_10_missing_hole_04_3_600_jpg.rf.f0678e4ffa8bf72e3035b1e9ab1694af.jpg","height":640,"width":640,"date_captured":"2024-12-08T17:53:07+00:00"},{"id":156,"license":1,"file_name":"light_11_missing_hole_01_1_600_jpg.rf.ec979fe6e0bd82199c2021aad64ecd7c.jpg","height":640,"width":640,"date_captured":"2024-12-08T17:53:07+00:00"},{"id":157,"license":1,"file_name":"light_08_missing_hole_06_1_600_jpg.rf.ee407cdd4fe39b94b1dfbd934003d2cc.jpg","height":640,"width":640,"date_captured":"2024-12-08T17:53:07+00:00"}],"annotations":[{"id":0,"image_id":0,"category_id":1,"bbox":[368,104,85.5,108],"area":9234,"segmentation":[],"iscrowd":0},{"id":1,"image_id":1,"category_id":1,"bbox":[187,428,85.5,108],"area":9234,"segmentation":[],"iscrowd":0},{"id":2,"image_id":2,"category_id":1,"bbox":[491,279,36.5,42.5],"area":1551.25,"segmentation":[],"iscrowd":0},{"id":3,"image_id":3,"category_id":1,"bbox":[264,132,38.5,69.5],"area":2675.75,"segmentation":[],"iscrowd":0},{"id":4,"image_id":3,"category_id":1,"bbox":[23,315,36.5,72],"area":2628,"segmentation":[],"iscrowd":0},{"id":5,"image_id":3,"category_id":1,"bbox":[457,316,41.5,72],"area":2988,"segmentation":[],"iscrowd":0},{"id":6,"image_id":4,"category_id":1,"bbox":[370,59,85.5,102.5],"area":8763.75,"segmentation":[],"iscrowd":0},{"id":7,"image_id":5,"category_id":1,"bbox":[511,335,31,45.5],"area":1410.5,"segmentation":[],"iscrowd":0},{"id":8,"image_id":6,"category_id":1,"bbox":[208,414,43.5,68],"area":2958,"segmentation":[],"iscrowd":0},{"id":9,"image_id":6,"category_id":1,"bbox":[439,304,39.5,62.5],"area":2468.75,"segmentation":[],"iscrowd":0},{"id":10,"image_id":7,"category_id":1,"bbox":[525,376,45,53.5],"area":2407.5,"segmentation":[],"iscrowd":0},{"id":11,"image_id":8,"category_id":1,"bbox":[188,315,49,54.5],"area":2670.5,"segmentation":[],"iscrowd":0},{"id":12,"image_id":9,"category_id":1,"bbox":[477,535,31,34.5],"area":1069.5,"segmentation":[],"iscrowd":0},{"id":13,"image_id":10,"category_id":1,"bbox":[381,128,39.5,37.5],"area":1481.25,"segmentation":[],"iscrowd":0},{"id":14,"image_id":10,"category_id":1,"bbox":[315,391,34,33.5],"area":1139,"segmentation":[],"iscrowd":0},{"id":15,"image_id":11,"category_id":1,"bbox":[477,286,43.5,48],"area":2088,"segmentation":[],"iscrowd":0},{"id":16,"image_id":11,"category_id":1,"bbox":[287,63,53.5,62.5],"area":3343.75,"segmentation":[],"iscrowd":0},{"id":17,"image_id":11,"category_id":1,"bbox":[434,39,40.5,52],"area":2106,"segmentation":[],"iscrowd":0},{"id":18,"image_id":11,"category_id":1,"bbox":[530,501,41.5,49.5],"area":2054.25,"segmentation":[],"iscrowd":0},{"id":19,"image_id":12,"category_id":1,"bbox":[612,482,26.5,36],"area":954,"segmentation":[],"iscrowd":0},{"id":20,"image_id":12,"category_id":1,"bbox":[113,592,37.5,38.5],"area":1443.75,"segmentation":[],"iscrowd":0},{"id":21,"image_id":13,"category_id":1,"bbox":[410,391,39.5,72],"area":2844,"segmentation":[],"iscrowd":0},{"id":22,"image_id":13,"category_id":1,"bbox":[43,407,81,94.5],"area":7654.5,"segmentation":[],"iscrowd":0},{"id":23,"image_id":14,"category_id":1,"bbox":[29,228,33,50.5],"area":1666.5,"segmentation":[],"iscrowd":0},{"id":24,"image_id":14,"category_id":1,"bbox":[535,532,31,38.5],"area":1193.5,"segmentation":[],"iscrowd":0},{"id":25,"image_id":15,"category_id":1,"bbox":[453,210,93,108],"area":10044,"segmentation":[],"iscrowd":0},{"id":26,"image_id":15,"category_id":1,"bbox":[0,330,40,82],"area":3280,"segmentation":[],"iscrowd":0},{"id":27,"image_id":15,"category_id":1,"bbox":[164,549,43.5,49.5],"area":2153.25,"segmentation":[],"iscrowd":0},{"id":28,"image_id":16,"category_id":1,"bbox":[189,311,30,38.5],"area":1155,"segmentation":[],"iscrowd":0},{"id":29,"image_id":16,"category_id":1,"bbox":[430,164,32,44],"area":1408,"segmentation":[],"iscrowd":0},{"id":30,"image_id":16,"category_id":1,"bbox":[276,541,34,53.5],"area":1819,"segmentation":[],"iscrowd":0},{"id":31,"image_id":17,"category_id":1,"bbox":[111,269,34,46.5],"area":1581,"segmentation":[],"iscrowd":0},{"id":32,"image_id":17,"category_id":1,"bbox":[423,415,34,42.5],"area":1445,"segmentation":[],"iscrowd":0},{"id":33,"image_id":18,"category_id":1,"bbox":[30,185,36.5,42.5],"area":1551.25,"segmentation":[],"iscrowd":0},{"id":34,"image_id":19,"category_id":1,"bbox":[229,155,41.5,73.5],"area":3050.25,"segmentation":[],"iscrowd":0},{"id":35,"image_id":19,"category_id":1,"bbox":[387,153,46,70.5],"area":3243,"segmentation":[],"iscrowd":0},{"id":36,"image_id":19,"category_id":1,"bbox":[494,107,90.5,104],"area":9412,"segmentation":[],"iscrowd":0},{"id":37,"image_id":19,"category_id":1,"bbox":[98,87,40.5,70.5],"area":2855.25,"segmentation":[],"iscrowd":0},{"id":38,"image_id":20,"category_id":1,"bbox":[422,291,30,38.5],"area":1155,"segmentation":[],"iscrowd":0},{"id":39,"image_id":20,"category_id":1,"bbox":[178,432,32,44],"area":1408,"segmentation":[],"iscrowd":0},{"id":40,"image_id":20,"category_id":1,"bbox":[331,45,34,53.5],"area":1819,"segmentation":[],"iscrowd":0},{"id":41,"image_id":21,"category_id":1,"bbox":[1,123,26.5,36],"area":954,"segmentation":[],"iscrowd":0},{"id":42,"image_id":21,"category_id":1,"bbox":[490,9,37.5,38.5],"area":1443.75,"segmentation":[],"iscrowd":0},{"id":43,"image_id":22,"category_id":1,"bbox":[380,485,35,42.5],"area":1487.5,"segmentation":[],"iscrowd":0},{"id":44,"image_id":23,"category_id":1,"bbox":[339,2,43.5,32],"area":1392,"segmentation":[],"iscrowd":0},{"id":45,"image_id":23,"category_id":1,"bbox":[391,201,47,49.5],"area":2326.5,"segmentation":[],"iscrowd":0},{"id":46,"image_id":23,"category_id":1,"bbox":[574,412,53.5,58.5],"area":3129.75,"segmentation":[],"iscrowd":0},{"id":47,"image_id":23,"category_id":1,"bbox":[437,443,41.5,50.5],"area":2095.75,"segmentation":[],"iscrowd":0},{"id":48,"image_id":24,"category_id":1,"bbox":[59,300,35,42.5],"area":1487.5,"segmentation":[],"iscrowd":0},{"id":49,"image_id":25,"category_id":1,"bbox":[139,217,51,57.5],"area":2932.5,"segmentation":[],"iscrowd":0},{"id":50,"image_id":25,"category_id":1,"bbox":[449,211,49,68],"area":3332,"segmentation":[],"iscrowd":0},{"id":51,"image_id":25,"category_id":1,"bbox":[337,74,41.5,76],"area":3154,"segmentation":[],"iscrowd":0},{"id":52,"image_id":26,"category_id":1,"bbox":[137,189,51,61.5],"area":3136.5,"segmentation":[],"iscrowd":0},{"id":53,"image_id":26,"category_id":1,"bbox":[463,1,42.5,58.5],"area":2486.25,"segmentation":[],"iscrowd":0},{"id":54,"image_id":26,"category_id":1,"bbox":[138,470,48,80],"area":3840,"segmentation":[],"iscrowd":0},{"id":55,"image_id":26,"category_id":1,"bbox":[235,76,48,73.5],"area":3528,"segmentation":[],"iscrowd":0},{"id":56,"image_id":27,"category_id":1,"bbox":[589,326,34,36],"area":1224,"segmentation":[],"iscrowd":0},{"id":57,"image_id":27,"category_id":1,"bbox":[212,504,34,40],"area":1360,"segmentation":[],"iscrowd":0},{"id":58,"image_id":27,"category_id":1,"bbox":[384,68,33,36],"area":1188,"segmentation":[],"iscrowd":0},{"id":59,"image_id":28,"category_id":1,"bbox":[574,185,36.5,42.5],"area":1551.25,"segmentation":[],"iscrowd":0},{"id":60,"image_id":29,"category_id":1,"bbox":[254,171,32,40],"area":1280,"segmentation":[],"iscrowd":0},{"id":61,"image_id":30,"category_id":1,"bbox":[453,389,51,61.5],"area":3136.5,"segmentation":[],"iscrowd":0},{"id":62,"image_id":30,"category_id":1,"bbox":[134,580,42.5,58.5],"area":2486.25,"segmentation":[],"iscrowd":0},{"id":63,"image_id":30,"category_id":1,"bbox":[455,91,48,80],"area":3840,"segmentation":[],"iscrowd":0},{"id":64,"image_id":30,"category_id":1,"bbox":[358,491,48,73.5],"area":3528,"segmentation":[],"iscrowd":0},{"id":65,"image_id":31,"category_id":1,"bbox":[47,479,34,44],"area":1496,"segmentation":[],"iscrowd":0},{"id":66,"image_id":31,"category_id":1,"bbox":[322,484,30,37.5],"area":1125,"segmentation":[],"iscrowd":0},{"id":67,"image_id":32,"category_id":1,"bbox":[94,323,93,108],"area":10044,"segmentation":[],"iscrowd":0},{"id":68,"image_id":32,"category_id":1,"bbox":[600,228,40,82],"area":3280,"segmentation":[],"iscrowd":0},{"id":69,"image_id":32,"category_id":1,"bbox":[432,41,43.5,49.5],"area":2153.25,"segmentation":[],"iscrowd":0},{"id":70,"image_id":33,"category_id":1,"bbox":[116,287,34,38.5],"area":1309,"segmentation":[],"iscrowd":0},{"id":71,"image_id":33,"category_id":1,"bbox":[477,358,38.5,40],"area":1540,"segmentation":[],"iscrowd":0},{"id":72,"image_id":33,"category_id":1,"bbox":[76,499,35,44],"area":1540,"segmentation":[],"iscrowd":0},{"id":73,"image_id":34,"category_id":1,"bbox":[190,231,42.5,77.5],"area":3293.75,"segmentation":[],"iscrowd":0},{"id":74,"image_id":34,"category_id":1,"bbox":[56,172,45,68],"area":3060,"segmentation":[],"iscrowd":0},{"id":75,"image_id":35,"category_id":1,"bbox":[364,376,40.5,84],"area":3402,"segmentation":[],"iscrowd":0},{"id":76,"image_id":35,"category_id":1,"bbox":[561,564,39.5,73.5],"area":2903.25,"segmentation":[],"iscrowd":0},{"id":77,"image_id":35,"category_id":1,"bbox":[289,32,40.5,66.5],"area":2693.25,"segmentation":[],"iscrowd":0},{"id":78,"image_id":36,"category_id":1,"bbox":[95,318,41.5,44],"area":1826,"segmentation":[],"iscrowd":0},{"id":79,"image_id":36,"category_id":1,"bbox":[228,13,36.5,45.5],"area":1660.75,"segmentation":[],"iscrowd":0},{"id":80,"image_id":37,"category_id":1,"bbox":[401,223,57.5,54.5],"area":3133.75,"segmentation":[],"iscrowd":0},{"id":81,"image_id":37,"category_id":1,"bbox":[1,305,38.5,53.5],"area":2059.75,"segmentation":[],"iscrowd":0},{"id":82,"image_id":38,"category_id":1,"bbox":[17,326,34,36],"area":1224,"segmentation":[],"iscrowd":0},{"id":83,"image_id":38,"category_id":1,"bbox":[395,504,34,40],"area":1360,"segmentation":[],"iscrowd":0},{"id":84,"image_id":38,"category_id":1,"bbox":[223,68,33,36],"area":1188,"segmentation":[],"iscrowd":0},{"id":85,"image_id":39,"category_id":1,"bbox":[208,159,43.5,68],"area":2958,"segmentation":[],"iscrowd":0},{"id":86,"image_id":39,"category_id":1,"bbox":[439,273,39.5,62.5],"area":2468.75,"segmentation":[],"iscrowd":0},{"id":87,"image_id":40,"category_id":1,"bbox":[477,307,43.5,48],"area":2088,"segmentation":[],"iscrowd":0},{"id":88,"image_id":40,"category_id":1,"bbox":[287,515,53.5,62.5],"area":3343.75,"segmentation":[],"iscrowd":0},{"id":89,"image_id":40,"category_id":1,"bbox":[434,550,40.5,52],"area":2106,"segmentation":[],"iscrowd":0},{"id":90,"image_id":40,"category_id":1,"bbox":[530,89,41.5,49.5],"area":2054.25,"segmentation":[],"iscrowd":0},{"id":91,"image_id":41,"category_id":1,"bbox":[421,576,33,41.5],"area":1369.5,"segmentation":[],"iscrowd":0},{"id":92,"image_id":42,"category_id":1,"bbox":[326,291,36.5,41.5],"area":1514.75,"segmentation":[],"iscrowd":0},{"id":93,"image_id":42,"category_id":1,"bbox":[16,289,36.5,38.5],"area":1405.25,"segmentation":[],"iscrowd":0},{"id":94,"image_id":43,"category_id":1,"bbox":[559,252,56.5,57.5],"area":3248.75,"segmentation":[],"iscrowd":0},{"id":95,"image_id":43,"category_id":1,"bbox":[499,372,65,65.5],"area":4257.5,"segmentation":[],"iscrowd":0},{"id":96,"image_id":44,"category_id":1,"bbox":[149,333,33,38.5],"area":1270.5,"segmentation":[],"iscrowd":0},{"id":97,"image_id":44,"category_id":1,"bbox":[495,336,34,40],"area":1360,"segmentation":[],"iscrowd":0},{"id":98,"image_id":45,"category_id":1,"bbox":[556,292,62,66.5],"area":4123,"segmentation":[],"iscrowd":0},{"id":99,"image_id":46,"category_id":1,"bbox":[220,128,39.5,37.5],"area":1481.25,"segmentation":[],"iscrowd":0},{"id":100,"image_id":46,"category_id":1,"bbox":[292,391,34,33.5],"area":1139,"segmentation":[],"iscrowd":0},{"id":101,"image_id":47,"category_id":1,"bbox":[82,518,38.5,48],"area":1848,"segmentation":[],"iscrowd":0},{"id":102,"image_id":47,"category_id":1,"bbox":[311,57,38.5,42.5],"area":1636.25,"segmentation":[],"iscrowd":0},{"id":103,"image_id":48,"category_id":1,"bbox":[499,47,104.5,117.5],"area":12278.75,"segmentation":[],"iscrowd":0},{"id":104,"image_id":49,"category_id":1,"bbox":[319,404,53.5,69.5],"area":3718.25,"segmentation":[],"iscrowd":0},{"id":105,"image_id":49,"category_id":1,"bbox":[12,247,58.5,57.5],"area":3363.75,"segmentation":[],"iscrowd":0},{"id":106,"image_id":50,"category_id":1,"bbox":[289,260,38.5,72],"area":2772,"segmentation":[],"iscrowd":0},{"id":107,"image_id":50,"category_id":1,"bbox":[337,535,38.5,80],"area":3080,"segmentation":[],"iscrowd":0},{"id":108,"image_id":51,"category_id":1,"bbox":[271,243,32,40],"area":1280,"segmentation":[],"iscrowd":0},{"id":109,"image_id":51,"category_id":1,"bbox":[582,423,31,38.5],"area":1193.5,"segmentation":[],"iscrowd":0},{"id":110,"image_id":52,"category_id":1,"bbox":[410,178,39.5,72],"area":2844,"segmentation":[],"iscrowd":0},{"id":111,"image_id":52,"category_id":1,"bbox":[43,139,81,94.5],"area":7654.5,"segmentation":[],"iscrowd":0},{"id":112,"image_id":53,"category_id":1,"bbox":[362,363,34,70.5],"area":2397,"segmentation":[],"iscrowd":0},{"id":113,"image_id":53,"category_id":1,"bbox":[117,544,39.5,70.5],"area":2784.75,"segmentation":[],"iscrowd":0},{"id":114,"image_id":54,"category_id":1,"bbox":[328,422,35,48],"area":1680,"segmentation":[],"iscrowd":0},{"id":115,"image_id":55,"category_id":1,"bbox":[187,104,85.5,108],"area":9234,"segmentation":[],"iscrowd":0},{"id":116,"image_id":56,"category_id":1,"bbox":[260,365,35,41.5],"area":1452.5,"segmentation":[],"iscrowd":0},{"id":117,"image_id":57,"category_id":1,"bbox":[472,549,42.5,66.5],"area":2826.25,"segmentation":[],"iscrowd":0},{"id":118,"image_id":58,"category_id":1,"bbox":[578,361,33,50.5],"area":1666.5,"segmentation":[],"iscrowd":0},{"id":119,"image_id":58,"category_id":1,"bbox":[75,69,31,38.5],"area":1193.5,"segmentation":[],"iscrowd":0},{"id":120,"image_id":59,"category_id":1,"bbox":[319,492,39.5,64],"area":2528,"segmentation":[],"iscrowd":0},{"id":121,"image_id":60,"category_id":1,"bbox":[369,317,43.5,77.5],"area":3371.25,"segmentation":[],"iscrowd":0},{"id":122,"image_id":61,"category_id":1,"bbox":[188,271,49,54.5],"area":2670.5,"segmentation":[],"iscrowd":0},{"id":123,"image_id":62,"category_id":1,"bbox":[326,308,36.5,41.5],"area":1514.75,"segmentation":[],"iscrowd":0},{"id":124,"image_id":62,"category_id":1,"bbox":[16,312,36.5,38.5],"area":1405.25,"segmentation":[],"iscrowd":0},{"id":125,"image_id":63,"category_id":1,"bbox":[546,300,35,42.5],"area":1487.5,"segmentation":[],"iscrowd":0},{"id":126,"image_id":64,"category_id":1,"bbox":[227,245,43.5,77.5],"area":3371.25,"segmentation":[],"iscrowd":0},{"id":127,"image_id":65,"category_id":1,"bbox":[229,412,41.5,73.5],"area":3050.25,"segmentation":[],"iscrowd":0},{"id":128,"image_id":65,"category_id":1,"bbox":[387,416,46,70.5],"area":3243,"segmentation":[],"iscrowd":0},{"id":129,"image_id":65,"category_id":1,"bbox":[494,430,90.5,104],"area":9412,"segmentation":[],"iscrowd":0},{"id":130,"image_id":65,"category_id":1,"bbox":[98,483,40.5,70.5],"area":2855.25,"segmentation":[],"iscrowd":0},{"id":131,"image_id":66,"category_id":1,"bbox":[312,260,38.5,72],"area":2772,"segmentation":[],"iscrowd":0},{"id":132,"image_id":66,"category_id":1,"bbox":[264,535,38.5,80],"area":3080,"segmentation":[],"iscrowd":0},{"id":133,"image_id":67,"category_id":1,"bbox":[25,331,56.5,57.5],"area":3248.75,"segmentation":[],"iscrowd":0},{"id":134,"image_id":67,"category_id":1,"bbox":[76,203,65,65.5],"area":4257.5,"segmentation":[],"iscrowd":0},{"id":135,"image_id":68,"category_id":1,"bbox":[541,359,47,54.5],"area":2561.5,"segmentation":[],"iscrowd":0},{"id":136,"image_id":69,"category_id":1,"bbox":[199,319,33,37.5],"area":1237.5,"segmentation":[],"iscrowd":0},{"id":137,"image_id":69,"category_id":1,"bbox":[268,143,32,41.5],"area":1328,"segmentation":[],"iscrowd":0},{"id":138,"image_id":70,"category_id":1,"bbox":[441,136,68.5,65.5],"area":4486.75,"segmentation":[],"iscrowd":0},{"id":139,"image_id":70,"category_id":1,"bbox":[268,525,48,53.5],"area":2568,"segmentation":[],"iscrowd":0},{"id":140,"image_id":71,"category_id":1,"bbox":[556,281,62,66.5],"area":4123,"segmentation":[],"iscrowd":0},{"id":141,"image_id":72,"category_id":1,"bbox":[75,530,33,40],"area":1320,"segmentation":[],"iscrowd":0},{"id":142,"image_id":72,"category_id":1,"bbox":[512,500,32,34.5],"area":1104,"segmentation":[],"iscrowd":0},{"id":143,"image_id":73,"category_id":1,"bbox":[130,136,68.5,65.5],"area":4486.75,"segmentation":[],"iscrowd":0},{"id":144,"image_id":73,"category_id":1,"bbox":[325,525,48,53.5],"area":2568,"segmentation":[],"iscrowd":0},{"id":145,"image_id":74,"category_id":1,"bbox":[43,497,38.5,66.5],"area":2560.25,"segmentation":[],"iscrowd":0},{"id":146,"image_id":74,"category_id":1,"bbox":[109,45,42.5,93.5],"area":3973.75,"segmentation":[],"iscrowd":0},{"id":147,"image_id":75,"category_id":1,"bbox":[264,439,38.5,69.5],"area":2675.75,"segmentation":[],"iscrowd":0},{"id":148,"image_id":75,"category_id":1,"bbox":[23,254,36.5,72],"area":2628,"segmentation":[],"iscrowd":0},{"id":149,"image_id":75,"category_id":1,"bbox":[457,252,41.5,72],"area":2988,"segmentation":[],"iscrowd":0},{"id":150,"image_id":76,"category_id":1,"bbox":[541,227,47,54.5],"area":2561.5,"segmentation":[],"iscrowd":0},{"id":151,"image_id":77,"category_id":1,"bbox":[459,333,33,38.5],"area":1270.5,"segmentation":[],"iscrowd":0},{"id":152,"image_id":77,"category_id":1,"bbox":[111,336,34,40],"area":1360,"segmentation":[],"iscrowd":0},{"id":153,"image_id":78,"category_id":1,"bbox":[511,260,31,45.5],"area":1410.5,"segmentation":[],"iscrowd":0},{"id":154,"image_id":79,"category_id":1,"bbox":[236,247,52.5,65.5],"area":3438.75,"segmentation":[],"iscrowd":0},{"id":155,"image_id":79,"category_id":1,"bbox":[414,250,51,60],"area":3060,"segmentation":[],"iscrowd":0},{"id":156,"image_id":80,"category_id":1,"bbox":[116,471,34,42.5],"area":1445,"segmentation":[],"iscrowd":0},{"id":157,"image_id":80,"category_id":1,"bbox":[217,31,33,46.5],"area":1534.5,"segmentation":[],"iscrowd":0},{"id":158,"image_id":81,"category_id":1,"bbox":[29,301,34,38.5],"area":1309,"segmentation":[],"iscrowd":0},{"id":159,"image_id":81,"category_id":1,"bbox":[481,171,42.5,45.5],"area":1933.75,"segmentation":[],"iscrowd":0},{"id":160,"image_id":81,"category_id":1,"bbox":[561,536,38.5,42.5],"area":1636.25,"segmentation":[],"iscrowd":0},{"id":161,"image_id":82,"category_id":1,"bbox":[1,482,26.5,36],"area":954,"segmentation":[],"iscrowd":0},{"id":162,"image_id":82,"category_id":1,"bbox":[490,592,37.5,38.5],"area":1443.75,"segmentation":[],"iscrowd":0},{"id":163,"image_id":83,"category_id":1,"bbox":[116,127,34,42.5],"area":1445,"segmentation":[],"iscrowd":0},{"id":164,"image_id":83,"category_id":1,"bbox":[217,563,33,46.5],"area":1534.5,"segmentation":[],"iscrowd":0},{"id":165,"image_id":84,"category_id":1,"bbox":[408,332,42.5,77.5],"area":3293.75,"segmentation":[],"iscrowd":0},{"id":166,"image_id":84,"category_id":1,"bbox":[540,400,45,68],"area":3060,"segmentation":[],"iscrowd":0},{"id":167,"image_id":85,"category_id":1,"bbox":[231,159,45,74.5],"area":3352.5,"segmentation":[],"iscrowd":0},{"id":168,"image_id":85,"category_id":1,"bbox":[450,1,57.5,57.5],"area":3306.25,"segmentation":[],"iscrowd":0},{"id":169,"image_id":85,"category_id":1,"bbox":[118,295,36.5,70.5],"area":2573.25,"segmentation":[],"iscrowd":0},{"id":170,"image_id":85,"category_id":1,"bbox":[69,579,36.5,60],"area":2190,"segmentation":[],"iscrowd":0},{"id":171,"image_id":86,"category_id":1,"bbox":[525,211,45,53.5],"area":2407.5,"segmentation":[],"iscrowd":0},{"id":172,"image_id":87,"category_id":1,"bbox":[94,210,93,108],"area":10044,"segmentation":[],"iscrowd":0},{"id":173,"image_id":87,"category_id":1,"bbox":[600,330,40,82],"area":3280,"segmentation":[],"iscrowd":0},{"id":174,"image_id":87,"category_id":1,"bbox":[432,549,43.5,49.5],"area":2153.25,"segmentation":[],"iscrowd":0},{"id":175,"image_id":88,"category_id":1,"bbox":[36,47,104.5,117.5],"area":12278.75,"segmentation":[],"iscrowd":0},{"id":176,"image_id":89,"category_id":1,"bbox":[132,535,31,34.5],"area":1069.5,"segmentation":[],"iscrowd":0},{"id":177,"image_id":90,"category_id":1,"bbox":[319,167,53.5,69.5],"area":3718.25,"segmentation":[],"iscrowd":0},{"id":178,"image_id":90,"category_id":1,"bbox":[12,336,58.5,57.5],"area":3363.75,"segmentation":[],"iscrowd":0},{"id":179,"image_id":91,"category_id":1,"bbox":[245,207,34,70.5],"area":2397,"segmentation":[],"iscrowd":0},{"id":180,"image_id":91,"category_id":1,"bbox":[483,25,39.5,70.5],"area":2784.75,"segmentation":[],"iscrowd":0},{"id":181,"image_id":92,"category_id":1,"bbox":[349,185,64,66.5],"area":4256,"segmentation":[],"iscrowd":0},{"id":182,"image_id":93,"category_id":1,"bbox":[275,474,41.5,44],"area":1826,"segmentation":[],"iscrowd":0},{"id":183,"image_id":93,"category_id":1,"bbox":[130,539,31,49.5],"area":1534.5,"segmentation":[],"iscrowd":0},{"id":184,"image_id":94,"category_id":1,"bbox":[181,363,57.5,54.5],"area":3133.75,"segmentation":[],"iscrowd":0},{"id":185,"image_id":94,"category_id":1,"bbox":[600,281,38.5,53.5],"area":2059.75,"segmentation":[],"iscrowd":0},{"id":186,"image_id":95,"category_id":1,"bbox":[282,84,39.5,64],"area":2528,"segmentation":[],"iscrowd":0},{"id":187,"image_id":96,"category_id":1,"bbox":[236,180,40.5,84],"area":3402,"segmentation":[],"iscrowd":0},{"id":188,"image_id":96,"category_id":1,"bbox":[39,3,39.5,73.5],"area":2903.25,"segmentation":[],"iscrowd":0},{"id":189,"image_id":96,"category_id":1,"bbox":[310,541,40.5,66.5],"area":2693.25,"segmentation":[],"iscrowd":0},{"id":190,"image_id":97,"category_id":1,"bbox":[337,243,32,40],"area":1280,"segmentation":[],"iscrowd":0},{"id":191,"image_id":97,"category_id":1,"bbox":[28,423,31,38.5],"area":1193.5,"segmentation":[],"iscrowd":0},{"id":192,"image_id":98,"category_id":1,"bbox":[257,2,43.5,32],"area":1392,"segmentation":[],"iscrowd":0},{"id":193,"image_id":98,"category_id":1,"bbox":[203,201,47,49.5],"area":2326.5,"segmentation":[],"iscrowd":0},{"id":194,"image_id":98,"category_id":1,"bbox":[13,412,53.5,58.5],"area":3129.75,"segmentation":[],"iscrowd":0},{"id":195,"image_id":98,"category_id":1,"bbox":[161,443,41.5,50.5],"area":2095.75,"segmentation":[],"iscrowd":0},{"id":196,"image_id":99,"category_id":1,"bbox":[189,291,30,38.5],"area":1155,"segmentation":[],"iscrowd":0},{"id":197,"image_id":99,"category_id":1,"bbox":[430,432,32,44],"area":1408,"segmentation":[],"iscrowd":0},{"id":198,"image_id":99,"category_id":1,"bbox":[276,45,34,53.5],"area":1819,"segmentation":[],"iscrowd":0},{"id":199,"image_id":100,"category_id":1,"bbox":[124,273,34,41.5],"area":1411,"segmentation":[],"iscrowd":0},{"id":200,"image_id":100,"category_id":1,"bbox":[584,213,32,42.5],"area":1360,"segmentation":[],"iscrowd":0},{"id":201,"image_id":100,"category_id":1,"bbox":[276,511,37.5,46.5],"area":1743.75,"segmentation":[],"iscrowd":0},{"id":202,"image_id":101,"category_id":1,"bbox":[495,324,34,46.5],"area":1581,"segmentation":[],"iscrowd":0},{"id":203,"image_id":101,"category_id":1,"bbox":[184,183,34,42.5],"area":1445,"segmentation":[],"iscrowd":0},{"id":204,"image_id":102,"category_id":1,"bbox":[278,171,35,48],"area":1680,"segmentation":[],"iscrowd":0},{"id":205,"image_id":103,"category_id":1,"bbox":[124,325,34,41.5],"area":1411,"segmentation":[],"iscrowd":0},{"id":206,"image_id":103,"category_id":1,"bbox":[584,384,32,42.5],"area":1360,"segmentation":[],"iscrowd":0},{"id":207,"image_id":103,"category_id":1,"bbox":[276,83,37.5,46.5],"area":1743.75,"segmentation":[],"iscrowd":0},{"id":208,"image_id":104,"category_id":1,"bbox":[36,476,104.5,117.5],"area":12278.75,"segmentation":[],"iscrowd":0},{"id":209,"image_id":105,"category_id":1,"bbox":[256,333,59.5,81.5],"area":4849.25,"segmentation":[],"iscrowd":0},{"id":210,"image_id":105,"category_id":1,"bbox":[436,147,46,50.5],"area":2323,"segmentation":[],"iscrowd":0},{"id":211,"image_id":105,"category_id":1,"bbox":[129,88,54.5,57.5],"area":3133.75,"segmentation":[],"iscrowd":0},{"id":212,"image_id":105,"category_id":1,"bbox":[70,500,56.5,49.5],"area":2796.75,"segmentation":[],"iscrowd":0},{"id":213,"image_id":106,"category_id":1,"bbox":[478,297,35,42.5],"area":1487.5,"segmentation":[],"iscrowd":0},{"id":214,"image_id":107,"category_id":1,"bbox":[370,479,85.5,102.5],"area":8763.75,"segmentation":[],"iscrowd":0},{"id":215,"image_id":108,"category_id":1,"bbox":[184,59,85.5,102.5],"area":8763.75,"segmentation":[],"iscrowd":0},{"id":216,"image_id":109,"category_id":1,"bbox":[491,315,34,38.5],"area":1309,"segmentation":[],"iscrowd":0},{"id":217,"image_id":109,"category_id":1,"bbox":[125,243,38.5,40],"area":1540,"segmentation":[],"iscrowd":0},{"id":218,"image_id":109,"category_id":1,"bbox":[529,98,35,44],"area":1540,"segmentation":[],"iscrowd":0},{"id":219,"image_id":110,"category_id":1,"bbox":[491,558,34,36],"area":1224,"segmentation":[],"iscrowd":0},{"id":220,"image_id":111,"category_id":1,"bbox":[184,461,36.5,38.5],"area":1405.25,"segmentation":[],"iscrowd":0},{"id":221,"image_id":111,"category_id":1,"bbox":[341,207,38.5,48],"area":1848,"segmentation":[],"iscrowd":0},{"id":222,"image_id":112,"category_id":1,"bbox":[365,407,45,74.5],"area":3352.5,"segmentation":[],"iscrowd":0},{"id":223,"image_id":112,"category_id":1,"bbox":[132,581,57.5,57.5],"area":3306.25,"segmentation":[],"iscrowd":0},{"id":224,"image_id":112,"category_id":1,"bbox":[485,275,36.5,70.5],"area":2573.25,"segmentation":[],"iscrowd":0},{"id":225,"image_id":112,"category_id":1,"bbox":[534,2,36.5,60],"area":2190,"segmentation":[],"iscrowd":0},{"id":226,"image_id":113,"category_id":1,"bbox":[122,308,39.5,46.5],"area":1836.75,"segmentation":[],"iscrowd":0},{"id":227,"image_id":113,"category_id":1,"bbox":[79,93,42.5,46.5],"area":1976.25,"segmentation":[],"iscrowd":0},{"id":228,"image_id":114,"category_id":1,"bbox":[504,279,41.5,44],"area":1826,"segmentation":[],"iscrowd":0},{"id":229,"image_id":114,"category_id":1,"bbox":[375,581,36.5,45.5],"area":1660.75,"segmentation":[],"iscrowd":0},{"id":230,"image_id":115,"category_id":1,"bbox":[227,185,64,66.5],"area":4256,"segmentation":[],"iscrowd":0},{"id":231,"image_id":116,"category_id":1,"bbox":[352,247,52.5,65.5],"area":3438.75,"segmentation":[],"iscrowd":0},{"id":232,"image_id":116,"category_id":1,"bbox":[175,250,51,60],"area":3060,"segmentation":[],"iscrowd":0},{"id":233,"image_id":117,"category_id":1,"bbox":[75,71,33,40],"area":1320,"segmentation":[],"iscrowd":0},{"id":234,"image_id":117,"category_id":1,"bbox":[512,105,32,34.5],"area":1104,"segmentation":[],"iscrowd":0},{"id":235,"image_id":118,"category_id":1,"bbox":[201,575,46,49.5],"area":2277,"segmentation":[],"iscrowd":0},{"id":236,"image_id":119,"category_id":1,"bbox":[139,365,51,57.5],"area":2932.5,"segmentation":[],"iscrowd":0},{"id":237,"image_id":119,"category_id":1,"bbox":[449,362,49,68],"area":3332,"segmentation":[],"iscrowd":0},{"id":238,"image_id":119,"category_id":1,"bbox":[337,491,41.5,76],"area":3154,"segmentation":[],"iscrowd":0},{"id":239,"image_id":120,"category_id":1,"bbox":[187,576,33,41.5],"area":1369.5,"segmentation":[],"iscrowd":0},{"id":240,"image_id":121,"category_id":1,"bbox":[47,118,34,44],"area":1496,"segmentation":[],"iscrowd":0},{"id":241,"image_id":121,"category_id":1,"bbox":[322,119,30,37.5],"area":1125,"segmentation":[],"iscrowd":0},{"id":242,"image_id":122,"category_id":1,"bbox":[323,123,41.5,44],"area":1826,"segmentation":[],"iscrowd":0},{"id":243,"image_id":122,"category_id":1,"bbox":[479,52,31,49.5],"area":1534.5,"segmentation":[],"iscrowd":0},{"id":244,"image_id":123,"category_id":1,"bbox":[76,127,51,49.5],"area":2524.5,"segmentation":[],"iscrowd":0},{"id":245,"image_id":123,"category_id":1,"bbox":[258,1,56.5,37.5],"area":2118.75,"segmentation":[],"iscrowd":0},{"id":246,"image_id":124,"category_id":1,"bbox":[126,24,42.5,66.5],"area":2826.25,"segmentation":[],"iscrowd":0},{"id":247,"image_id":125,"category_id":1,"bbox":[559,76,38.5,66.5],"area":2560.25,"segmentation":[],"iscrowd":0},{"id":248,"image_id":125,"category_id":1,"bbox":[489,501,42.5,93.5],"area":3973.75,"segmentation":[],"iscrowd":0},{"id":249,"image_id":126,"category_id":1,"bbox":[82,75,38.5,48],"area":1848,"segmentation":[],"iscrowd":0},{"id":250,"image_id":126,"category_id":1,"bbox":[311,540,38.5,42.5],"area":1636.25,"segmentation":[],"iscrowd":0},{"id":251,"image_id":127,"category_id":1,"bbox":[323,474,41.5,44],"area":1826,"segmentation":[],"iscrowd":0},{"id":252,"image_id":127,"category_id":1,"bbox":[479,539,31,49.5],"area":1534.5,"segmentation":[],"iscrowd":0},{"id":253,"image_id":128,"category_id":1,"bbox":[450,365,51,57.5],"area":2932.5,"segmentation":[],"iscrowd":0},{"id":254,"image_id":128,"category_id":1,"bbox":[142,362,49,68],"area":3332,"segmentation":[],"iscrowd":0},{"id":255,"image_id":128,"category_id":1,"bbox":[261,491,41.5,76],"area":3154,"segmentation":[],"iscrowd":0},{"id":256,"image_id":129,"category_id":1,"bbox":[419,140,36.5,38.5],"area":1405.25,"segmentation":[],"iscrowd":0},{"id":257,"image_id":129,"category_id":1,"bbox":[260,386,38.5,48],"area":1848,"segmentation":[],"iscrowd":0},{"id":258,"image_id":130,"category_id":1,"bbox":[268,404,53.5,69.5],"area":3718.25,"segmentation":[],"iscrowd":0},{"id":259,"image_id":130,"category_id":1,"bbox":[570,247,58.5,57.5],"area":3363.75,"segmentation":[],"iscrowd":0},{"id":260,"image_id":131,"category_id":1,"bbox":[491,319,36.5,42.5],"area":1551.25,"segmentation":[],"iscrowd":0},{"id":261,"image_id":132,"category_id":1,"bbox":[419,461,36.5,38.5],"area":1405.25,"segmentation":[],"iscrowd":0},{"id":262,"image_id":132,"category_id":1,"bbox":[260,207,38.5,48],"area":1848,"segmentation":[],"iscrowd":0},{"id":263,"image_id":133,"category_id":1,"bbox":[324,225,59.5,81.5],"area":4849.25,"segmentation":[],"iscrowd":0},{"id":264,"image_id":133,"category_id":1,"bbox":[158,443,46,50.5],"area":2323,"segmentation":[],"iscrowd":0},{"id":265,"image_id":133,"category_id":1,"bbox":[456,495,54.5,57.5],"area":3133.75,"segmentation":[],"iscrowd":0},{"id":266,"image_id":133,"category_id":1,"bbox":[513,91,56.5,49.5],"area":2796.75,"segmentation":[],"iscrowd":0},{"id":267,"image_id":134,"category_id":1,"bbox":[453,189,51,61.5],"area":3136.5,"segmentation":[],"iscrowd":0},{"id":268,"image_id":134,"category_id":1,"bbox":[134,1,42.5,58.5],"area":2486.25,"segmentation":[],"iscrowd":0},{"id":269,"image_id":134,"category_id":1,"bbox":[455,470,48,80],"area":3840,"segmentation":[],"iscrowd":0},{"id":270,"image_id":134,"category_id":1,"bbox":[358,76,48,73.5],"area":3528,"segmentation":[],"iscrowd":0},{"id":271,"image_id":135,"category_id":1,"bbox":[369,155,41.5,73.5],"area":3050.25,"segmentation":[],"iscrowd":0},{"id":272,"image_id":135,"category_id":1,"bbox":[207,153,46,70.5],"area":3243,"segmentation":[],"iscrowd":0},{"id":273,"image_id":135,"category_id":1,"bbox":[56,107,90.5,104],"area":9412,"segmentation":[],"iscrowd":0},{"id":274,"image_id":135,"category_id":1,"bbox":[501,87,40.5,70.5],"area":2855.25,"segmentation":[],"iscrowd":0},{"id":275,"image_id":136,"category_id":1,"bbox":[201,16,46,49.5],"area":2277,"segmentation":[],"iscrowd":0},{"id":276,"image_id":137,"category_id":1,"bbox":[23,281,62,66.5],"area":4123,"segmentation":[],"iscrowd":0},{"id":277,"image_id":138,"category_id":1,"bbox":[388,159,43.5,68],"area":2958,"segmentation":[],"iscrowd":0},{"id":278,"image_id":138,"category_id":1,"bbox":[161,273,39.5,62.5],"area":2468.75,"segmentation":[],"iscrowd":0},{"id":279,"image_id":139,"category_id":1,"bbox":[380,112,35,42.5],"area":1487.5,"segmentation":[],"iscrowd":0},{"id":280,"image_id":140,"category_id":1,"bbox":[354,171,32,40],"area":1280,"segmentation":[],"iscrowd":0},{"id":281,"image_id":141,"category_id":1,"bbox":[236,328,52.5,65.5],"area":3438.75,"segmentation":[],"iscrowd":0},{"id":282,"image_id":141,"category_id":1,"bbox":[414,331,51,60],"area":3060,"segmentation":[],"iscrowd":0},{"id":283,"image_id":142,"category_id":1,"bbox":[491,47,34,36],"area":1224,"segmentation":[],"iscrowd":0},{"id":284,"image_id":143,"category_id":1,"bbox":[289,308,38.5,72],"area":2772,"segmentation":[],"iscrowd":0},{"id":285,"image_id":143,"category_id":1,"bbox":[337,26,38.5,80],"area":3080,"segmentation":[],"iscrowd":0},{"id":286,"image_id":144,"category_id":1,"bbox":[260,233,35,41.5],"area":1452.5,"segmentation":[],"iscrowd":0},{"id":287,"image_id":145,"category_id":1,"bbox":[343,3,39.5,41.5],"area":1639.25,"segmentation":[],"iscrowd":0},{"id":288,"image_id":145,"category_id":1,"bbox":[66,339,31,45.5],"area":1410.5,"segmentation":[],"iscrowd":0},{"id":289,"image_id":145,"category_id":1,"bbox":[491,487,33,37.5],"area":1237.5,"segmentation":[],"iscrowd":0},{"id":290,"image_id":145,"category_id":1,"bbox":[1,599,24.5,36],"area":882,"segmentation":[],"iscrowd":0},{"id":291,"image_id":146,"category_id":1,"bbox":[394,16,46,49.5],"area":2277,"segmentation":[],"iscrowd":0},{"id":292,"image_id":147,"category_id":1,"bbox":[122,285,39.5,46.5],"area":1836.75,"segmentation":[],"iscrowd":0},{"id":293,"image_id":147,"category_id":1,"bbox":[79,500,42.5,46.5],"area":1976.25,"segmentation":[],"iscrowd":0},{"id":294,"image_id":148,"category_id":1,"bbox":[29,300,34,38.5],"area":1309,"segmentation":[],"iscrowd":0},{"id":295,"image_id":148,"category_id":1,"bbox":[481,424,42.5,45.5],"area":1933.75,"segmentation":[],"iscrowd":0},{"id":296,"image_id":148,"category_id":1,"bbox":[561,61,38.5,42.5],"area":1636.25,"segmentation":[],"iscrowd":0},{"id":297,"image_id":149,"category_id":1,"bbox":[245,363,34,70.5],"area":2397,"segmentation":[],"iscrowd":0},{"id":298,"image_id":149,"category_id":1,"bbox":[483,544,39.5,70.5],"area":2784.75,"segmentation":[],"iscrowd":0},{"id":299,"image_id":150,"category_id":1,"bbox":[354,222,45,72],"area":3240,"segmentation":[],"iscrowd":0},{"id":300,"image_id":150,"category_id":1,"bbox":[577,309,50,70.5],"area":3525,"segmentation":[],"iscrowd":0},{"id":301,"image_id":151,"category_id":1,"bbox":[237,109,36.5,74.5],"area":2719.25,"segmentation":[],"iscrowd":0},{"id":302,"image_id":151,"category_id":1,"bbox":[121,392,46,77.5],"area":3565,"segmentation":[],"iscrowd":0},{"id":303,"image_id":152,"category_id":1,"bbox":[277,308,36.5,41.5],"area":1514.75,"segmentation":[],"iscrowd":0},{"id":304,"image_id":152,"category_id":1,"bbox":[588,312,36.5,38.5],"area":1405.25,"segmentation":[],"iscrowd":0},{"id":305,"image_id":153,"category_id":1,"bbox":[559,497,38.5,66.5],"area":2560.25,"segmentation":[],"iscrowd":0},{"id":306,"image_id":153,"category_id":1,"bbox":[489,45,42.5,93.5],"area":3973.75,"segmentation":[],"iscrowd":0},{"id":307,"image_id":154,"category_id":1,"bbox":[409,284,33,37.5],"area":1237.5,"segmentation":[],"iscrowd":0},{"id":308,"image_id":154,"category_id":1,"bbox":[341,456,32,41.5],"area":1328,"segmentation":[],"iscrowd":0},{"id":309,"image_id":155,"category_id":1,"bbox":[513,464,51,49.5],"area":2524.5,"segmentation":[],"iscrowd":0},{"id":310,"image_id":155,"category_id":1,"bbox":[325,601,56.5,37.5],"area":2118.75,"segmentation":[],"iscrowd":0},{"id":311,"image_id":156,"category_id":1,"bbox":[241,347,45,72],"area":3240,"segmentation":[],"iscrowd":0},{"id":312,"image_id":156,"category_id":1,"bbox":[13,260,50,70.5],"area":3525,"segmentation":[],"iscrowd":0},{"id":313,"image_id":157,"category_id":1,"bbox":[59,297,35,42.5],"area":1487.5,"segmentation":[],"iscrowd":0}]}